<annotation>
	<folder>livelong</folder>
	<filename>livelong.5137604f-1896-11ed-8ec5-64bc5854dc0a.jpg</filename>
	<path>C:\Users\Pranav Mishra\Desktop\Tensorflow Object Detection\TFODCourse\Tensorflow\workspace\images\collectedimages\livelong\livelong.5137604f-1896-11ed-8ec5-64bc5854dc0a.jpg</path>
	<source>
		<database>Unknown</database>
	</source>
	<size>
		<width>640</width>
		<height>480</height>
		<depth>3</depth>
	</size>
	<segmented>0</segmented>
	<object>
		<name>LiveLong</name>
		<pose>Unspecified</pose>
		<truncated>0</truncated>
		<difficult>0</difficult>
		<bndbox>
			<xmin>230</xmin>
			<ymin>120</ymin>
			<xmax>329</xmax>
			<ymax>278</ymax>
		</bndbox>
	</object>
</annotation>
