<annotation>
	<folder>livelong</folder>
	<filename>livelong.b11aba33-1896-11ed-aacd-64bc5854dc0a.jpg</filename>
	<path>C:\Users\Pranav Mishra\Desktop\Tensorflow Object Detection\TFODCourse\Tensorflow\workspace\images\collectedimages\livelong\livelong.b11aba33-1896-11ed-aacd-64bc5854dc0a.jpg</path>
	<source>
		<database>Unknown</database>
	</source>
	<size>
		<width>640</width>
		<height>480</height>
		<depth>3</depth>
	</size>
	<segmented>0</segmented>
	<object>
		<name>LiveLong</name>
		<pose>Unspecified</pose>
		<truncated>0</truncated>
		<difficult>0</difficult>
		<bndbox>
			<xmin>177</xmin>
			<ymin>140</ymin>
			<xmax>326</xmax>
			<ymax>368</ymax>
		</bndbox>
	</object>
</annotation>
