<annotation>
	<folder>thankyou</folder>
	<filename>thankyou.a67a5cf9-1896-11ed-afa5-64bc5854dc0a.jpg</filename>
	<path>C:\Users\Pranav Mishra\Desktop\Tensorflow Object Detection\TFODCourse\Tensorflow\workspace\images\collectedimages\thankyou\thankyou.a67a5cf9-1896-11ed-afa5-64bc5854dc0a.jpg</path>
	<source>
		<database>Unknown</database>
	</source>
	<size>
		<width>640</width>
		<height>480</height>
		<depth>3</depth>
	</size>
	<segmented>0</segmented>
	<object>
		<name>ThankYou</name>
		<pose>Unspecified</pose>
		<truncated>0</truncated>
		<difficult>0</difficult>
		<bndbox>
			<xmin>224</xmin>
			<ymin>207</ymin>
			<xmax>555</xmax>
			<ymax>387</ymax>
		</bndbox>
	</object>
</annotation>
