<annotation>
	<folder>thankyou</folder>
	<filename>thankyou.45580821-1896-11ed-948d-64bc5854dc0a.jpg</filename>
	<path>C:\Users\Pranav Mishra\Desktop\Tensorflow Object Detection\TFODCourse\Tensorflow\workspace\images\collectedimages\thankyou\thankyou.45580821-1896-11ed-948d-64bc5854dc0a.jpg</path>
	<source>
		<database>Unknown</database>
	</source>
	<size>
		<width>640</width>
		<height>480</height>
		<depth>3</depth>
	</size>
	<segmented>0</segmented>
	<object>
		<name>ThankYou</name>
		<pose>Unspecified</pose>
		<truncated>0</truncated>
		<difficult>0</difficult>
		<bndbox>
			<xmin>246</xmin>
			<ymin>221</ymin>
			<xmax>468</xmax>
			<ymax>382</ymax>
		</bndbox>
	</object>
</annotation>
