<annotation>
	<folder>thumbsdown</folder>
	<filename>thumbsdown.9d082bba-1896-11ed-b436-64bc5854dc0a.jpg</filename>
	<path>C:\Users\Pranav Mishra\Desktop\Tensorflow Object Detection\TFODCourse\Tensorflow\workspace\images\collectedimages\thumbsdown\thumbsdown.9d082bba-1896-11ed-b436-64bc5854dc0a.jpg</path>
	<source>
		<database>Unknown</database>
	</source>
	<size>
		<width>640</width>
		<height>480</height>
		<depth>3</depth>
	</size>
	<segmented>0</segmented>
	<object>
		<name>ThumbsDown</name>
		<pose>Unspecified</pose>
		<truncated>0</truncated>
		<difficult>0</difficult>
		<bndbox>
			<xmin>287</xmin>
			<ymin>144</ymin>
			<xmax>403</xmax>
			<ymax>325</ymax>
		</bndbox>
	</object>
</annotation>
