<annotation>
	<folder>thumbsup</folder>
	<filename>thumbsup.8ea84099-1896-11ed-a5de-64bc5854dc0a.jpg</filename>
	<path>C:\Users\Pranav Mishra\Desktop\Tensorflow Object Detection\TFODCourse\Tensorflow\workspace\images\collectedimages\thumbsup\thumbsup.8ea84099-1896-11ed-a5de-64bc5854dc0a.jpg</path>
	<source>
		<database>Unknown</database>
	</source>
	<size>
		<width>640</width>
		<height>480</height>
		<depth>3</depth>
	</size>
	<segmented>0</segmented>
	<object>
		<name>ThumbsUp</name>
		<pose>Unspecified</pose>
		<truncated>0</truncated>
		<difficult>0</difficult>
		<bndbox>
			<xmin>193</xmin>
			<ymin>178</ymin>
			<xmax>345</xmax>
			<ymax>357</ymax>
		</bndbox>
	</object>
</annotation>
